blockSize,timeStamp(end),bufferBlockSize,bufferTimeStamp(end),updateDuration
0,NaN,0,NaN,0.001304
32,428.795807,32,428.795807,0.000480
64,429.051666,32,429.051666,0.038527
64,429.435455,0,NaN,0.010296
96,429.435455,0,NaN,0.014161
32,429.563385,32,429.563385,0.000430
64,429.819244,32,429.819244,0.007721
64,430.203033,0,NaN,0.007152
96,430.203033,0,NaN,0.013717
64,430.459869,0,NaN,0.004998
64,430.715729,0,NaN,0.005565
32,430.843658,32,430.843658,0.000409
64,431.099518,32,431.099518,0.006236
64,431.355377,32,431.355377,0.005678
64,431.739166,0,NaN,0.006444
96,431.739166,0,NaN,0.013817
64,431.995026,0,NaN,0.007844
32,432.123932,32,432.123932,0.000662
64,432.379791,32,432.379791,0.014831
64,432.635651,32,432.635651,0.006071
64,433.019440,0,NaN,0.006686
96,433.019440,0,NaN,0.011774
64,433.275299,0,NaN,0.005278
32,433.403229,32,433.403229,0.000489
64,433.787018,0,NaN,0.008095
96,433.787018,0,NaN,0.013968
64,434.043854,0,NaN,0.004998
64,434.299713,0,NaN,0.005295
64,434.555573,0,NaN,0.005205
64,434.811432,0,NaN,0.006083
64,435.067291,0,NaN,0.006968
32,435.195221,32,435.195221,0.000778
64,435.579010,0,NaN,0.007844
96,435.579010,0,NaN,0.012655
64,435.835846,0,NaN,0.007056
32,435.963776,32,435.963776,0.000458
64,436.347565,0,NaN,0.007841
96,436.347565,0,NaN,0.012381
64,436.603424,0,NaN,0.007107
64,436.859283,0,NaN,0.005548
32,436.987213,32,436.987213,0.000428
64,437.371002,0,NaN,0.007965
96,437.371002,0,NaN,0.016241
64,437.627838,0,NaN,0.006731
64,437.883698,0,NaN,0.006906
32,438.011627,32,438.011627,0.000505
64,438.395416,0,NaN,0.008858
96,438.395416,0,NaN,0.013618
64,438.651276,0,NaN,0.007005
64,438.907135,0,NaN,0.006207
32,439.035065,32,439.035065,0.000403
64,439.291901,32,439.291901,0.006427
64,439.547760,32,439.547760,0.006573
64,439.931549,0,NaN,0.007480
96,439.931549,0,NaN,0.011663
64,440.187408,0,NaN,0.005335
64,440.443268,0,NaN,0.006934
64,440.699127,0,NaN,0.006821
64,440.954987,0,NaN,0.006722
64,441.211823,0,NaN,0.006726
64,441.467682,0,NaN,0.009118
64,441.723541,0,NaN,0.006762
64,441.979401,0,NaN,0.006548
43,442.151306,43,442.151306,0.000681
64,442.491119,0,NaN,0.007860
85,442.491119,0,NaN,0.013252
32,442.619049,32,442.619049,0.000427
64,443.003815,0,NaN,0.008912
96,443.003815,0,NaN,0.013952
64,443.259674,0,NaN,0.006910
64,443.515533,0,NaN,0.006840
64,443.771393,0,NaN,0.005544
32,443.899323,32,443.899323,0.000454
64,444.283112,0,NaN,0.008341
96,444.283112,0,NaN,0.012789
64,444.538971,0,NaN,0.006714
64,444.795807,0,NaN,0.006395
32,444.923737,32,444.923737,0.000574
64,445.307526,0,NaN,0.008140
96,445.307526,0,NaN,0.013114
64,445.563385,0,NaN,0.005666
32,445.691315,32,445.691315,0.000444
64,445.947174,32,445.947174,0.007187
64,446.330963,0,NaN,0.009459
96,446.330963,0,NaN,0.014647
64,446.587799,0,NaN,0.005885
64,446.843658,0,NaN,0.006737
32,446.971588,32,446.971588,0.000573
64,447.227448,32,447.227448,0.006814
64,447.483307,32,447.483307,0.006604
64,447.739166,32,447.739166,0.005274
64,448.123932,0,NaN,0.008178
96,448.123932,0,NaN,0.012665
64,448.379791,0,NaN,0.007290
64,448.635651,0,NaN,0.006371
64,448.891510,0,NaN,0.005754
32,449.019440,32,449.019440,0.000549
64,449.403229,0,NaN,0.008126
96,449.403229,0,NaN,0.013030
64,449.659088,0,NaN,0.005836
64,449.915924,0,NaN,0.006681
64,450.171783,0,NaN,0.007019
64,450.427643,0,NaN,0.007599
32,450.555573,32,450.555573,0.000530
64,450.939362,0,NaN,0.008128
96,450.939362,0,NaN,0.012683
64,451.195221,0,NaN,0.006035
32,451.323151,32,451.323151,0.000606
64,451.707916,0,NaN,0.008561
96,451.707916,0,NaN,0.013957
64,451.963776,0,NaN,0.005577
64,452.219635,0,NaN,0.005271
64,452.475494,0,NaN,0.005084
64,452.731354,0,NaN,0.007401
64,452.987213,0,NaN,0.005231
64,453.243073,0,NaN,0.005290
32,453.371002,32,453.371002,0.000437
64,453.755768,0,NaN,0.011618
96,453.755768,0,NaN,0.016793
64,454.011627,0,NaN,0.005165
32,454.139557,32,454.139557,0.000685
64,454.523346,0,NaN,0.008311
96,454.523346,0,NaN,0.014047
32,454.651276,32,454.651276,0.000471
64,454.907135,32,454.907135,0.008085
64,455.162994,32,455.162994,0.005320
64,455.419830,32,455.419830,0.005449
64,455.803619,0,NaN,0.008108
96,455.803619,0,NaN,0.015123
64,456.059479,0,NaN,0.007369
64,456.315338,0,NaN,0.006943
32,456.443268,32,456.443268,0.000664
64,456.827057,0,NaN,0.008048
96,456.827057,0,NaN,0.012728
64,457.083893,0,NaN,0.006854
32,457.211823,32,457.211823,0.000443
64,457.595612,0,NaN,0.007305
96,457.595612,0,NaN,0.011085
64,457.851471,0,NaN,0.009847
64,458.107330,0,NaN,0.006044
64,458.363190,0,NaN,0.006591
64,458.619049,0,NaN,0.005373
64,458.875885,0,NaN,0.005371
64,459.131744,0,NaN,0.006889
64,459.387604,0,NaN,0.005828
64,459.643463,0,NaN,0.005718
64,459.899323,0,NaN,0.006381
32,460.027252,32,460.027252,0.000629
64,460.411041,0,NaN,0.007939
96,460.411041,0,NaN,0.012938
64,460.667877,0,NaN,0.005077
32,460.795807,32,460.795807,0.000708
64,461.179596,0,NaN,0.010012
96,461.179596,0,NaN,0.014754
64,461.435455,0,NaN,0.007179
64,461.691315,0,NaN,0.005506
64,461.947174,0,NaN,0.006107
64,462.203033,0,NaN,0.006116
32,462.330963,32,462.330963,0.000521
64,462.587799,32,462.587799,0.006894
64,462.971588,0,NaN,0.007456
96,462.971588,0,NaN,0.012788
32,463.099518,32,463.099518,0.000425
64,463.483307,0,NaN,0.007334
96,463.483307,0,NaN,0.011797
64,463.739166,0,NaN,0.006305
64,463.995026,0,NaN,0.007627
64,464.251862,0,NaN,0.005381
64,464.507721,0,NaN,0.006746
64,464.763580,0,NaN,0.006892
32,464.891510,32,464.891510,0.000582
64,465.275299,0,NaN,0.007105
96,465.275299,0,NaN,0.011980
64,465.531158,0,NaN,0.007529
64,465.787018,0,NaN,0.007086
64,466.043854,0,NaN,0.006479
32,466.171783,32,466.171783,0.000641
64,466.427643,32,466.427643,0.006434
64,466.683502,32,466.683502,0.007917
64,467.067291,0,NaN,0.008805
96,467.067291,0,NaN,0.013502
32,467.195221,32,467.195221,0.000478
64,467.451080,32,467.451080,0.005404
64,467.835846,0,NaN,0.008617
96,467.835846,0,NaN,0.014146
32,467.963776,32,467.963776,0.000592
64,468.347565,0,NaN,0.007329
96,468.347565,0,NaN,0.011642
64,468.603424,0,NaN,0.005108
64,468.859283,0,NaN,0.006691
64,469.115143,0,NaN,0.005631
64,469.371002,0,NaN,0.005547
32,469.499908,32,469.499908,0.000495
64,469.883698,0,NaN,0.009140
96,469.883698,0,NaN,0.013685
64,470.139557,0,NaN,0.005165
64,470.395416,0,NaN,0.006401
64,470.651276,0,NaN,0.006033
64,470.907135,0,NaN,0.006456
32,471.035065,32,471.035065,0.000424
64,471.419830,0,NaN,0.007766
96,471.419830,0,NaN,0.012005
32,471.547760,32,471.547760,0.000420
64,471.931549,0,NaN,0.008858
96,471.931549,0,NaN,0.016041
32,472.059479,32,472.059479,0.000413
64,472.443268,0,NaN,0.006951
96,472.443268,0,NaN,0.011954
64,472.699127,0,NaN,0.006791
32,472.827057,32,472.827057,0.000512
64,473.083893,32,473.083893,0.007206
64,473.467682,0,NaN,0.007799
96,473.467682,0,NaN,0.013562
32,473.595612,32,473.595612,0.000547
64,473.979401,0,NaN,0.006746
96,473.979401,0,NaN,0.010641
64,474.235260,0,NaN,0.006916
64,474.491119,0,NaN,0.005106
64,474.746979,0,NaN,0.006170
64,475.003815,0,NaN,0.005103
32,475.131744,32,475.131744,0.000617
64,475.515533,0,NaN,0.008104
96,475.515533,0,NaN,0.013780
64,475.771393,0,NaN,0.006271
64,476.027252,0,NaN,0.005704
64,476.283112,0,NaN,0.007291
64,476.538971,0,NaN,0.006004
64,476.795807,0,NaN,0.005801
64,477.051666,0,NaN,0.006161
32,477.179596,32,477.179596,0.000408
64,477.435455,32,477.435455,0.007544
64,477.691315,32,477.691315,0.005371
64,478.075104,0,NaN,0.008797
96,478.075104,0,NaN,0.013628
32,478.203033,32,478.203033,0.000411
64,478.459869,32,478.459869,0.007718
64,478.715729,32,478.715729,0.006110
64,479.099518,0,NaN,0.008272
96,479.099518,0,NaN,0.014429
32,479.227448,32,479.227448,0.000532
64,479.611237,0,NaN,0.008255
96,479.611237,0,NaN,0.013340
64,479.867096,0,NaN,0.005891
64,480.123932,0,NaN,0.005206
64,480.379791,0,NaN,0.005663
64,480.635651,0,NaN,0.006150
32,480.763580,32,480.763580,0.000417
64,481.147369,0,NaN,0.008055
96,481.147369,0,NaN,0.013541
64,481.403229,0,NaN,0.005681
32,481.531158,32,481.531158,0.000476
64,481.915924,0,NaN,0.007858
96,481.915924,0,NaN,0.013510
64,482.171783,0,NaN,0.005168
64,482.427643,0,NaN,0.006104
64,482.683502,0,NaN,0.008865
64,482.939362,0,NaN,0.006399
64,483.195221,0,NaN,0.006678
32,483.323151,32,483.323151,0.000467
64,483.707916,0,NaN,0.006697
96,483.707916,0,NaN,0.018698
64,483.963776,0,NaN,0.007254
64,484.219635,0,NaN,0.005802
32,484.347565,32,484.347565,0.000442
64,484.731354,0,NaN,0.007607
96,484.731354,0,NaN,0.012174
64,484.987213,0,NaN,0.006123
64,485.243073,0,NaN,0.005725
32,485.371002,32,485.371002,0.000456
64,485.755768,0,NaN,0.008552
96,485.755768,0,NaN,0.019634
64,486.011627,0,NaN,0.007593
32,486.139557,32,486.139557,0.000531
64,486.523346,0,NaN,0.008342
96,486.523346,0,NaN,0.013084
32,486.651276,32,486.651276,0.000486
64,487.035065,0,NaN,0.008209
96,487.035065,0,NaN,0.014133
64,487.291901,0,NaN,0.007686
32,487.419830,32,487.419830,0.000407
64,487.803619,0,NaN,0.007079
96,487.803619,0,NaN,0.013504
64,488.059479,0,NaN,0.007728
32,488.187408,32,488.187408,0.000436
64,488.443268,32,488.443268,0.006747
64,488.827057,0,NaN,0.008050
96,488.827057,0,NaN,0.014615
64,489.083893,0,NaN,0.005569
32,489.211823,32,489.211823,0.000504
64,489.595612,0,NaN,0.008003
96,489.595612,0,NaN,0.014567
64,489.851471,0,NaN,0.005739
32,489.979401,32,489.979401,0.000411
64,490.363190,0,NaN,0.008205
96,490.363190,0,NaN,0.014941
32,490.491119,32,490.491119,0.000468
64,490.875885,0,NaN,0.007661
96,490.875885,0,NaN,0.012410
32,491.003815,32,491.003815,0.000610
64,491.387604,0,NaN,0.008278
96,491.387604,0,NaN,0.012611
64,491.643463,0,NaN,0.005572
64,491.899323,0,NaN,0.006743
64,492.155182,0,NaN,0.005013
32,492.283112,32,492.283112,0.000433
64,492.667877,0,NaN,0.008496
96,492.667877,0,NaN,0.017574
64,492.923737,0,NaN,0.007206
64,493.179596,0,NaN,0.005521
64,493.435455,0,NaN,0.005898
32,493.563385,32,493.563385,0.000528
64,493.947174,0,NaN,0.009501
96,493.947174,0,NaN,0.016865
64,494.203033,0,NaN,0.005172
32,494.330963,32,494.330963,0.000421
64,494.715729,0,NaN,0.007048
96,494.715729,0,NaN,0.013356
32,494.843658,32,494.843658,0.000459
64,495.099518,32,495.099518,0.007236
64,495.483307,0,NaN,0.031543
96,495.483307,0,NaN,0.034900
32,495.611237,32,495.611237,0.000672
64,495.995026,0,NaN,0.008806
96,495.995026,0,NaN,0.016117
64,496.251862,0,NaN,0.007153
64,496.507721,0,NaN,0.007029
32,496.635651,32,496.635651,0.000652
64,497.019440,0,NaN,0.008977
96,497.019440,0,NaN,0.014033
32,497.147369,32,497.147369,0.000736
64,497.531158,0,NaN,0.008384
96,497.531158,0,NaN,0.014437
32,497.659088,32,497.659088,0.000569
64,498.043854,0,NaN,0.009834
96,498.043854,0,NaN,0.015489
64,498.299713,0,NaN,0.005677
64,498.555573,0,NaN,0.006234
64,498.811432,0,NaN,0.006040
64,499.067291,0,NaN,0.006208
64,499.323151,0,NaN,0.005607
64,499.579010,0,NaN,0.007177
64,499.835846,0,NaN,0.006578
64,500.091705,0,NaN,0.005290
64,500.347565,0,NaN,0.005750
64,500.603424,0,NaN,0.007464
32,500.731354,32,500.731354,0.000429
64,501.115143,0,NaN,0.008084
96,501.115143,0,NaN,0.014807
32,501.243073,32,501.243073,0.000541
64,501.499908,32,501.499908,0.006322
64,501.883698,0,NaN,0.007415
96,501.883698,0,NaN,0.012861
64,502.139557,0,NaN,0.006019
64,502.395416,0,NaN,0.005548
64,502.651276,0,NaN,0.006455
64,502.907135,0,NaN,0.006530
64,503.162994,0,NaN,0.005385
32,503.291901,32,503.291901,0.000449
64,503.675690,0,NaN,0.008677
96,503.675690,0,NaN,0.014010
64,503.931549,0,NaN,0.006039
64,504.187408,0,NaN,0.006121
64,504.443268,0,NaN,0.006459
64,504.699127,0,NaN,0.007406
46,504.883026,46,504.883026,0.000685
64,505.211823,0,NaN,0.007477
82,505.211823,0,NaN,0.012916
64,505.467682,0,NaN,0.005943
64,505.723541,0,NaN,0.007200
64,505.979401,0,NaN,0.007088
64,506.235260,0,NaN,0.007297
64,506.491119,0,NaN,0.005701
64,506.746979,0,NaN,0.007393
64,507.003815,0,NaN,0.007965
32,507.131744,32,507.131744,0.000609
64,507.387604,32,507.387604,0.006824
64,507.771393,0,NaN,0.007956
96,507.771393,0,NaN,0.014272
64,508.027252,0,NaN,0.005912
64,508.283112,0,NaN,0.006667
64,508.538971,0,NaN,0.005378
64,508.795807,0,NaN,0.006770
32,508.923737,32,508.923737,0.000426
64,509.307526,0,NaN,0.008092
96,509.307526,0,NaN,0.013803
64,509.563385,0,NaN,0.005851
64,509.819244,0,NaN,0.007683
32,509.947174,32,509.947174,0.000731
64,510.330963,0,NaN,0.009934
96,510.330963,0,NaN,0.014675
32,510.459869,32,510.459869,0.000543
64,510.843658,0,NaN,0.008128
96,510.843658,0,NaN,0.015458
64,511.099518,0,NaN,0.009313
64,511.355377,0,NaN,0.006762
64,511.611237,0,NaN,0.006221
64,511.867096,0,NaN,0.006224
64,512.123932,0,NaN,0.005407
32,512.251862,32,512.251862,0.000493
64,512.635651,0,NaN,0.007487
96,512.635651,0,NaN,0.011970
64,512.891510,0,NaN,0.007855
64,513.147369,0,NaN,0.007005
64,513.403229,0,NaN,0.017156
32,513.531158,32,513.531158,0.001705
64,513.915924,0,NaN,0.015839
96,513.915924,0,NaN,0.025533
64,514.171783,0,NaN,0.010240
32,514.299713,32,514.299713,0.003472
64,514.683502,0,NaN,0.027556
96,514.683502,0,NaN,0.033184
64,514.939362,0,NaN,0.008092
32,515.067291,32,515.067291,0.000533
64,515.323151,32,515.323151,0.006480
64,515.707916,0,NaN,0.010473
96,515.707916,0,NaN,0.016968
64,515.963776,0,NaN,0.007897
32,516.091705,32,516.091705,0.000500
64,516.475494,0,NaN,0.008693
96,516.475494,0,NaN,0.015156
32,516.603424,32,516.603424,0.000469
64,516.987213,0,NaN,0.008994
96,516.987213,0,NaN,0.015414
64,517.243073,0,NaN,0.006124
64,517.499908,0,NaN,0.006815
64,517.755768,0,NaN,0.005481
64,518.011627,0,NaN,0.007790
64,518.267487,0,NaN,0.007452
32,518.395416,32,518.395416,0.000667
64,518.651276,32,518.651276,0.006794
64,518.907135,32,518.907135,0.005161
64,519.291901,0,NaN,0.008846
96,519.291901,0,NaN,0.014853
32,519.419830,32,519.419830,0.000536
64,519.803619,0,NaN,0.008204
96,519.803619,0,NaN,0.014683
64,520.059479,0,NaN,0.005682
64,520.315338,0,NaN,0.007369
32,520.443268,32,520.443268,0.000493
64,520.827057,0,NaN,0.008390
96,520.827057,0,NaN,0.014887
64,521.083893,0,NaN,0.005379
64,521.339752,0,NaN,0.007366
64,521.595612,0,NaN,0.005305
32,521.723541,32,521.723541,0.000558
64,521.979401,32,521.979401,0.005856
64,522.363190,0,NaN,0.008182
96,522.363190,0,NaN,0.015346
64,522.619049,0,NaN,0.005504
64,522.875885,0,NaN,0.005340
64,523.131744,0,NaN,0.005208
64,523.387604,0,NaN,0.006981
64,523.643463,0,NaN,0.006227
32,523.771393,32,523.771393,0.000420
64,524.155182,0,NaN,0.007625
96,524.155182,0,NaN,0.014652
32,524.283112,32,524.283112,0.000551
64,524.538971,32,524.538971,0.006950
64,524.795807,32,524.795807,0.005934
64,525.179596,0,NaN,0.008656
96,525.179596,0,NaN,0.014179
64,525.435455,0,NaN,0.005975
32,525.563385,32,525.563385,0.000652
64,525.947174,0,NaN,0.008404
96,525.947174,0,NaN,0.014900
64,526.203033,0,NaN,0.006030
32,526.330963,32,526.330963,0.000484
64,526.715729,0,NaN,0.008812
96,526.715729,0,NaN,0.014997
32,526.843658,32,526.843658,0.000466
64,527.099518,32,527.099518,0.006307
64,527.483307,0,NaN,0.007895
96,527.483307,0,NaN,0.014195
32,527.611237,32,527.611237,0.000694
64,527.995026,0,NaN,0.008786
96,527.995026,0,NaN,0.013347
64,528.251862,0,NaN,0.007621
64,528.507721,0,NaN,0.006343
32,528.635651,32,528.635651,0.000703
64,529.019440,0,NaN,0.008703
96,529.019440,0,NaN,0.014557
32,529.147369,32,529.147369,0.000512
64,529.531158,0,NaN,0.007771
96,529.531158,0,NaN,0.013259
64,529.787018,0,NaN,0.005159
64,530.043854,0,NaN,0.006517
64,530.299713,0,NaN,0.005625
32,530.427643,32,530.427643,0.000475
64,530.811432,0,NaN,0.009146
96,530.811432,0,NaN,0.014112
32,530.939362,32,530.939362,0.000550
64,531.323151,0,NaN,0.007232
96,531.323151,0,NaN,0.013969
64,531.579010,0,NaN,0.007017
64,531.835846,0,NaN,0.006409
64,532.091705,0,NaN,0.005492
32,532.219635,32,532.219635,0.000556
64,532.475494,32,532.475494,0.006714
64,532.859283,0,NaN,0.008066
96,532.859283,0,NaN,0.015798
64,533.115143,0,NaN,0.005297
64,533.371002,0,NaN,0.009177
64,533.627838,0,NaN,0.005514
64,533.883698,0,NaN,0.007758
32,534.011627,32,534.011627,0.000447
64,534.267487,32,534.267487,0.005765
64,534.523346,32,534.523346,0.005277
64,534.907135,0,NaN,0.008161
96,534.907135,0,NaN,0.012911
64,535.162994,0,NaN,0.005434
64,535.419830,0,NaN,0.005885
64,535.675690,0,NaN,0.007367
64,535.931549,0,NaN,0.007424
64,536.187408,0,NaN,0.006435
32,536.315338,32,536.315338,0.000442
64,536.699127,0,NaN,0.009760
96,536.699127,0,NaN,0.015194
64,536.954987,0,NaN,0.007560
32,537.083893,32,537.083893,0.000405
64,537.467682,0,NaN,0.008012
96,537.467682,0,NaN,0.016130
64,537.723541,0,NaN,0.006197
32,537.851471,32,537.851471,0.000477
64,538.235260,0,NaN,0.008562
96,538.235260,0,NaN,0.014802
32,538.363190,32,538.363190,0.000509
64,538.746979,0,NaN,0.007648
96,538.746979,0,NaN,0.013915
64,539.003815,0,NaN,0.005140
64,539.259674,0,NaN,0.011612
32,539.387604,32,539.387604,0.000458
64,539.643463,32,539.643463,0.005388
64,540.027252,0,NaN,0.008446
96,540.027252,0,NaN,0.013964
32,540.155182,32,540.155182,0.000774
64,540.411041,32,540.411041,0.006238
64,540.795807,0,NaN,0.007272
96,540.795807,0,NaN,0.013189
64,541.051666,0,NaN,0.005222
64,541.307526,0,NaN,0.006833
32,541.435455,32,541.435455,0.000539
64,541.819244,0,NaN,0.008168
96,541.819244,0,NaN,0.015915
64,542.075104,0,NaN,0.005245
64,542.330963,0,NaN,0.006989
64,542.587799,0,NaN,0.005696
64,542.843658,0,NaN,0.007098
64,543.099518,0,NaN,0.005485
32,543.227448,32,543.227448,0.000439
64,543.611237,0,NaN,0.010621
96,543.611237,0,NaN,0.019818
64,543.867096,0,NaN,0.007493
64,544.123932,0,NaN,0.005198
64,544.379791,0,NaN,0.005671
64,544.635651,0,NaN,0.019768
64,544.891510,0,NaN,0.014639
64,545.147369,0,NaN,0.009029
32,545.275299,32,545.275299,0.001964
64,545.659088,0,NaN,0.022892
96,545.659088,0,NaN,0.028776
64,545.915924,0,NaN,0.025216
32,546.043854,32,546.043854,0.001713
64,546.427643,0,NaN,0.007859
96,546.427643,0,NaN,0.012144
64,546.683502,0,NaN,0.006861
64,546.939362,0,NaN,0.007237
32,547.067291,32,547.067291,0.000716
64,547.451080,0,NaN,0.007155
96,547.451080,0,NaN,0.013555
64,547.707916,0,NaN,0.005424
32,547.835846,32,547.835846,0.000765
64,548.091705,32,548.091705,0.007514
64,548.475494,0,NaN,0.008108
96,548.475494,0,NaN,0.014915
64,548.731354,0,NaN,0.005324
64,548.987213,0,NaN,0.007642
64,549.243073,0,NaN,0.007073
32,549.371002,32,549.371002,0.000475
64,549.755768,0,NaN,0.006618
96,549.755768,0,NaN,0.014086
64,550.011627,0,NaN,0.007436
64,550.267487,0,NaN,0.005829
32,550.395416,32,550.395416,0.000445
64,550.651276,32,550.651276,0.005581
64,551.035065,0,NaN,0.007613
96,551.035065,0,NaN,0.013371
32,551.162994,32,551.162994,0.000634
64,551.419830,32,551.419830,0.007198
64,551.803619,0,NaN,0.007419
96,551.803619,0,NaN,0.011787
32,551.931549,32,551.931549,0.000503
64,552.315338,0,NaN,0.009353
96,552.315338,0,NaN,0.014398
64,552.571198,0,NaN,0.007746
64,552.827057,0,NaN,0.005388
32,552.954987,32,552.954987,0.000420
64,553.339752,0,NaN,0.007899
96,553.339752,0,NaN,0.013247
64,553.595612,0,NaN,0.006536
64,553.851471,0,NaN,0.006318
32,553.979401,32,553.979401,0.000832
64,554.363190,0,NaN,0.007661
96,554.363190,0,NaN,0.015242
32,554.491119,32,554.491119,0.000614
64,554.875885,0,NaN,0.007806
96,554.875885,0,NaN,0.013885
32,555.003815,32,555.003815,0.002424
64,555.387604,0,NaN,0.010916
96,555.387604,0,NaN,0.016432
64,555.643463,0,NaN,0.014475
64,555.899323,0,NaN,0.017032
64,556.155182,0,NaN,0.021261
32,556.283112,32,556.283112,0.002640
64,556.667877,0,NaN,0.008161
96,556.667877,0,NaN,0.012763
32,556.795807,32,556.795807,0.000769
64,557.179596,0,NaN,0.005762
96,557.179596,0,NaN,0.010551
32,557.307526,32,557.307526,0.000529
64,557.691315,0,NaN,0.005687
96,557.691315,0,NaN,0.009700
64,557.947174,0,NaN,0.007506
64,558.203033,0,NaN,0.007221
64,558.459869,0,NaN,0.006817
64,558.715729,0,NaN,0.006752
32,558.843658,32,558.843658,0.000742
64,559.227448,0,NaN,0.006577
96,559.227448,0,NaN,0.010919
64,559.483307,0,NaN,0.006324
64,559.739166,0,NaN,0.005478
64,559.995026,0,NaN,0.007916
64,560.251862,0,NaN,0.006859
64,560.507721,0,NaN,0.006985
64,560.763580,0,NaN,0.006408
32,560.891510,32,560.891510,0.000743
64,561.147369,32,561.147369,0.007158
64,561.531158,0,NaN,0.004831
96,561.531158,0,NaN,0.008779
32,561.659088,32,561.659088,0.000560
64,561.915924,32,561.915924,0.007590
64,562.299713,0,NaN,0.006645
96,562.299713,0,NaN,0.011735
64,562.555573,0,NaN,0.005134
64,562.811432,0,NaN,0.006396
64,563.067291,0,NaN,0.006855
64,563.323151,0,NaN,0.006664
32,563.451080,32,563.451080,0.000431
64,563.835846,0,NaN,0.005935
96,563.835846,0,NaN,0.009135
32,563.963776,32,563.963776,0.000721
64,564.347565,0,NaN,0.006628
96,564.347565,0,NaN,0.010290
64,564.603424,0,NaN,0.006600
64,564.859283,0,NaN,0.005053
64,565.115143,0,NaN,0.006844
32,565.243073,32,565.243073,0.000651
64,565.627838,0,NaN,0.006714
96,565.627838,0,NaN,0.010732
64,565.883698,0,NaN,0.014517
64,566.139557,0,NaN,0.007340
64,566.395416,0,NaN,0.016889
64,566.651276,0,NaN,0.014306
64,566.907135,0,NaN,0.014787
64,567.162994,0,NaN,0.009542
64,567.419830,0,NaN,0.027489
64,567.675690,0,NaN,0.007238
64,567.931549,0,NaN,0.005587
64,568.187408,0,NaN,0.006116
64,568.443268,0,NaN,0.007247
32,568.571198,32,568.571198,0.002310
64,568.827057,32,568.827057,0.012524
64,569.211823,0,NaN,0.007581
96,569.211823,0,NaN,0.011403
64,569.467682,0,NaN,0.006447
32,569.595612,32,569.595612,0.000520
64,569.979401,0,NaN,0.007047
96,569.979401,0,NaN,0.011004
64,570.235260,0,NaN,0.006778
64,570.491119,0,NaN,0.006263
64,570.746979,0,NaN,0.006684
64,571.003815,0,NaN,0.006454
64,571.259674,0,NaN,0.007349
64,571.515533,0,NaN,0.005428
32,571.643463,32,571.643463,0.000545
64,571.899323,32,571.899323,0.006843
64,572.155182,32,572.155182,0.006132
64,572.411041,32,572.411041,0.006842
64,572.795807,0,NaN,0.005487
96,572.795807,0,NaN,0.009414
32,572.923737,32,572.923737,0.000675
64,573.307526,0,NaN,0.006965
96,573.307526,0,NaN,0.011117
64,573.563385,0,NaN,0.005617
32,573.691315,32,573.691315,0.000720
64,573.947174,32,573.947174,0.006574
64,574.330963,0,NaN,0.007188
96,574.330963,0,NaN,0.011320
64,574.587799,0,NaN,0.006960
32,574.715729,32,574.715729,0.000626
64,575.099518,0,NaN,0.007480
96,575.099518,0,NaN,0.011499
64,575.355377,0,NaN,0.008520
32,575.483307,32,575.483307,0.000506
64,575.867096,0,NaN,0.008069
96,575.867096,0,NaN,0.012177
64,576.123932,0,NaN,0.007255
32,576.251862,32,576.251862,0.000728
64,576.507721,32,576.507721,0.007716
64,576.891510,0,NaN,0.005043
96,576.891510,0,NaN,0.008773
64,577.147369,0,NaN,0.008203
64,577.403229,0,NaN,0.006246
64,577.659088,0,NaN,0.006999
64,577.915924,0,NaN,0.006516
64,578.171783,0,NaN,0.007282
32,578.299713,32,578.299713,0.000794
64,578.683502,0,NaN,0.006933
96,578.683502,0,NaN,0.011073
32,578.811432,32,578.811432,0.000434
64,579.195221,0,NaN,0.004944
96,579.195221,0,NaN,0.008014
64,579.451080,0,NaN,0.007091
32,579.579010,32,579.579010,0.000476
64,579.963776,0,NaN,0.005764
96,579.963776,0,NaN,0.008941
64,580.219635,0,NaN,0.006856
64,580.475494,0,NaN,0.006730
64,580.731354,0,NaN,0.009041
64,580.987213,0,NaN,0.007520
64,581.243073,0,NaN,0.006384
32,581.371002,32,581.371002,0.000606
64,581.755768,0,NaN,0.006610
96,581.755768,0,NaN,0.010673
64,582.011627,0,NaN,0.007610
64,582.267487,0,NaN,0.005302
64,582.523346,0,NaN,0.005506
64,582.779205,0,NaN,0.006601
32,582.907135,32,582.907135,0.000436
64,583.162994,32,583.162994,0.008196
64,583.547760,0,NaN,0.004752
96,583.547760,0,NaN,0.007754
32,583.675690,32,583.675690,0.000410
64,583.931549,32,583.931549,0.006429
64,584.315338,0,NaN,0.006340
96,584.315338,0,NaN,0.010074
64,584.571198,0,NaN,0.006607
32,584.699127,32,584.699127,0.000467
64,585.083893,0,NaN,0.005613
96,585.083893,0,NaN,0.009554
32,585.211823,32,585.211823,0.000486
64,585.595612,0,NaN,0.006526
96,585.595612,0,NaN,0.010382
64,585.851471,0,NaN,0.006779
64,586.107330,0,NaN,0.007354
64,586.363190,0,NaN,0.007629
64,586.619049,0,NaN,0.007013
32,586.746979,32,586.746979,0.000602
64,587.131744,0,NaN,0.005416
96,587.131744,0,NaN,0.009091
32,587.259674,32,587.259674,0.000442
64,587.643463,0,NaN,0.007400
96,587.643463,0,NaN,0.012195
64,587.899323,0,NaN,0.006074
32,588.027252,32,588.027252,0.000426
64,588.283112,32,588.283112,0.007034
64,588.667877,0,NaN,0.005775
96,588.667877,0,NaN,0.009840
64,588.923737,0,NaN,0.005860
64,589.179596,0,NaN,0.006522
64,589.435455,0,NaN,0.007042
64,589.691315,0,NaN,0.006211
64,589.947174,0,NaN,0.006725
32,590.075104,32,590.075104,0.000718
64,590.330963,32,590.330963,0.007069
64,590.715729,0,NaN,0.005728
96,590.715729,0,NaN,0.009633
32,590.843658,32,590.843658,0.000529
64,591.099518,32,591.099518,0.005465
64,591.355377,32,591.355377,0.008926
64,591.739166,0,NaN,0.006638
96,591.739166,0,NaN,0.010446
64,591.995026,0,NaN,0.007423
55,592.215881,55,592.215881,0.000765
64,592.507721,0,NaN,0.006928
73,592.507721,0,NaN,0.010938
64,592.763580,0,NaN,0.006277
64,593.019440,0,NaN,0.006131
64,593.275299,0,NaN,0.005827
64,593.531158,0,NaN,0.007935
64,593.787018,0,NaN,0.006945
64,594.043854,0,NaN,0.005551
32,594.171783,32,594.171783,0.000584
64,594.427643,32,594.427643,0.007535
64,594.811432,0,NaN,0.008232
96,594.811432,0,NaN,0.011845
32,594.939362,32,594.939362,0.000492
64,595.195221,32,595.195221,0.006530
64,595.451080,32,595.451080,0.007416
64,595.835846,0,NaN,0.006563
96,595.835846,0,NaN,0.010597
64,596.091705,0,NaN,0.008872
36,596.235626,36,596.235626,0.000749
60,596.475494,32,596.475494,0.005957
64,596.859283,0,NaN,0.007238
96,596.859283,0,NaN,0.011245
64,597.115143,0,NaN,0.006719
32,597.243073,32,597.243073,0.000430
64,597.627838,0,NaN,0.005571
96,597.627838,0,NaN,0.009383
64,597.883698,0,NaN,0.006769
32,598.011627,32,598.011627,0.001974
64,598.395416,0,NaN,0.008222
96,598.395416,0,NaN,0.013105
32,598.523346,32,598.523346,0.001622
64,598.907135,0,NaN,0.012290
96,598.907135,0,NaN,0.021846
64,599.162994,0,NaN,0.016453
32,599.291901,32,599.291901,0.001445
64,599.547760,32,599.547760,0.007016
64,599.931549,0,NaN,0.007049
96,599.931549,0,NaN,0.011740
32,600.059479,32,600.059479,0.000480
64,600.315338,32,600.315338,0.007603
64,600.571198,32,600.571198,0.005571
64,600.827057,32,600.827057,0.010946
64,601.083893,32,601.083893,0.006822
64,601.467682,0,NaN,0.005388
96,601.467682,0,NaN,0.008984
32,601.595612,32,601.595612,0.000523
64,601.851471,32,601.851471,0.005478
64,602.235260,0,NaN,0.006918
96,602.235260,0,NaN,0.010715
64,602.491119,0,NaN,0.005435
64,602.746979,0,NaN,0.005528
64,603.003815,0,NaN,0.005542
32,603.131744,32,603.131744,0.000773
64,603.515533,0,NaN,0.006617
96,603.515533,0,NaN,0.011167
64,603.771393,0,NaN,0.006682
32,603.899323,32,603.899323,0.000470
64,604.283112,0,NaN,0.005963
96,604.283112,0,NaN,0.009258
32,604.411041,32,604.411041,0.000506
64,604.667877,32,604.667877,0.007489
64,604.923737,32,604.923737,0.007957
64,605.307526,0,NaN,0.005979
96,605.307526,0,NaN,0.009175
32,605.435455,32,605.435455,0.000660
64,605.691315,32,605.691315,0.007655
64,605.947174,32,605.947174,0.007230
64,606.330963,0,NaN,0.006611
96,606.330963,0,NaN,0.009892
64,606.587799,0,NaN,0.007225
64,606.843658,0,NaN,0.006744
32,606.971588,32,606.971588,0.000521
64,607.355377,0,NaN,0.005708
96,607.355377,0,NaN,0.008506
64,607.611237,0,NaN,0.005329
32,607.739166,32,607.739166,0.000570
64,608.123932,0,NaN,0.009695
96,608.123932,0,NaN,0.014301
64,608.379791,0,NaN,0.005181
32,608.507721,32,608.507721,0.000502
64,608.763580,32,608.763580,0.005408
64,609.147369,0,NaN,0.007501
96,609.147369,0,NaN,0.011632
64,609.403229,0,NaN,0.006359
64,609.659088,0,NaN,0.006580
64,609.915924,0,NaN,0.007165
32,610.043854,32,610.043854,0.000724
64,610.427643,0,NaN,0.006948
96,610.427643,0,NaN,0.010846
64,610.683502,0,NaN,0.006632
64,610.939362,0,NaN,0.005870
64,611.195221,0,NaN,0.006225
32,611.323151,32,611.323151,0.000635
64,611.707916,0,NaN,0.006289
96,611.707916,0,NaN,0.010277
32,611.835846,32,611.835846,0.000415
64,612.091705,32,612.091705,0.005329
64,612.475494,0,NaN,0.005579
96,612.475494,0,NaN,0.008702
64,612.731354,0,NaN,0.008088
32,612.859283,32,612.859283,0.000562
64,613.243073,0,NaN,0.006548
96,613.243073,0,NaN,0.010513
32,613.371002,32,613.371002,0.000419
64,613.755768,0,NaN,0.005937
96,613.755768,0,NaN,0.009880
32,613.883698,32,613.883698,0.000447
64,614.267487,0,NaN,0.006435
96,614.267487,0,NaN,0.010157
64,614.523346,0,NaN,0.006303
64,614.779205,0,NaN,0.006442
32,614.907135,32,614.907135,0.000411
64,615.291901,0,NaN,0.006269
96,615.291901,0,NaN,0.010127
64,615.547760,0,NaN,0.006930
32,615.675690,32,615.675690,0.000495
64,615.931549,32,615.931549,0.006566
64,616.187408,32,616.187408,0.006935
64,616.571198,0,NaN,0.005599
96,616.571198,0,NaN,0.009099
32,616.699127,32,616.699127,0.000495
64,617.083893,0,NaN,0.005148
96,617.083893,0,NaN,0.008100
32,617.211823,32,617.211823,0.000793
64,617.595612,0,NaN,0.005189
96,617.595612,0,NaN,0.008895
64,617.851471,0,NaN,0.004880
64,618.107330,0,NaN,0.006827
64,618.363190,0,NaN,0.006476
32,618.491119,32,618.491119,0.000596
64,618.875885,0,NaN,0.006410
96,618.875885,0,NaN,0.010585
64,619.131744,0,NaN,0.005434
64,619.387604,0,NaN,0.006292
32,619.515533,32,619.515533,0.000441
64,619.771393,32,619.771393,0.007076
64,620.155182,0,NaN,0.005304
96,620.155182,0,NaN,0.008130
64,620.411041,0,NaN,0.006301
64,620.667877,0,NaN,0.008440
32,620.795807,32,620.795807,0.000641
64,621.179596,0,NaN,0.005964
96,621.179596,0,NaN,0.010051
64,621.435455,0,NaN,0.004971
64,621.691315,0,NaN,0.006291
32,621.819244,32,621.819244,0.000427
64,622.203033,0,NaN,0.006667
96,622.203033,0,NaN,0.010416
32,622.330963,32,622.330963,0.000520
64,622.587799,32,622.587799,0.007973
64,622.971588,0,NaN,0.006089
96,622.971588,0,NaN,0.009687
64,623.227448,0,NaN,0.007375
64,623.483307,0,NaN,0.005863
64,623.739166,0,NaN,0.005689
32,623.867096,32,623.867096,0.000468
64,624.251862,0,NaN,0.007269
96,624.251862,0,NaN,0.011440
32,624.379791,32,624.379791,0.000449
64,624.635651,32,624.635651,0.006982
64,624.891510,32,624.891510,0.005236
64,625.147369,32,625.147369,0.007495
64,625.531158,0,NaN,0.006263
96,625.531158,0,NaN,0.010278
64,625.787018,0,NaN,0.006018
160,626.427643,96,626.427643,0.018248
64,626.555573,0,NaN,0.007395
32,626.555573,0,NaN,0.011150
32,626.683502,32,626.683502,0.000529
64,626.939362,32,626.939362,0.005518
64,627.195221,32,627.195221,0.005445
64,627.451080,32,627.451080,0.008392
64,627.835846,0,NaN,0.005951
96,627.835846,0,NaN,0.009327
32,627.963776,32,627.963776,0.000430
64,628.347565,0,NaN,0.006781
96,628.347565,0,NaN,0.010211
32,628.475494,32,628.475494,0.000663
64,628.859283,0,NaN,0.006394
96,628.859283,0,NaN,0.010310
32,628.987213,32,628.987213,0.000484
64,629.371002,0,NaN,0.006362
96,629.371002,0,NaN,0.009950
32,629.499908,32,629.499908,0.000460
64,629.883698,0,NaN,0.006395
96,629.883698,0,NaN,0.010298
32,630.011627,32,630.011627,0.000583
64,630.395416,0,NaN,0.005927
96,630.395416,0,NaN,0.009313
64,630.651276,0,NaN,0.005990
64,630.907135,0,NaN,0.007319
64,631.162994,0,NaN,0.007088
32,631.291901,32,631.291901,0.000652
64,631.675690,0,NaN,0.005756
96,631.675690,0,NaN,0.008967
64,631.931549,0,NaN,0.006137
64,632.187408,0,NaN,0.006441
64,632.443268,0,NaN,0.005772
32,632.571198,32,632.571198,0.000456
64,632.954987,0,NaN,0.005853
96,632.954987,0,NaN,0.009332
32,633.083893,32,633.083893,0.000467
64,633.467682,0,NaN,0.005403
96,633.467682,0,NaN,0.009013
64,633.723541,0,NaN,0.005800
32,633.851471,32,633.851471,0.000426
64,634.107330,32,634.107330,0.005418
64,634.491119,0,NaN,0.006567
96,634.491119,0,NaN,0.010168
32,634.619049,32,634.619049,0.000658
64,634.875885,32,634.875885,0.005227
64,635.259674,0,NaN,0.006140
96,635.259674,0,NaN,0.010116
64,635.515533,0,NaN,0.007135
32,635.643463,32,635.643463,0.000579
64,636.027252,0,NaN,0.006170
96,636.027252,0,NaN,0.009791
64,636.283112,0,NaN,0.007197
32,636.411041,32,636.411041,0.000679
64,636.795807,0,NaN,0.006845
96,636.795807,0,NaN,0.018877
64,637.051666,0,NaN,0.006082
64,637.307526,0,NaN,0.005592
32,637.435455,32,637.435455,0.000432
64,637.691315,32,637.691315,0.007834
64,637.947174,32,637.947174,0.005869
64,638.203033,32,638.203033,0.005431
64,638.587799,0,NaN,0.006281
96,638.587799,0,NaN,0.010410
64,638.843658,0,NaN,0.007408
64,639.099518,0,NaN,0.005282
32,639.227448,32,639.227448,0.000439
64,639.483307,32,639.483307,0.006849
64,639.867096,0,NaN,0.006855
96,639.867096,0,NaN,0.010438
32,639.995026,32,639.995026,0.000489
64,640.379791,0,NaN,0.004946
96,640.379791,0,NaN,0.008334
32,640.507721,32,640.507721,0.000470
64,640.763580,32,640.763580,0.006278
64,641.019440,32,641.019440,0.005208
64,641.403229,0,NaN,0.004920
96,641.403229,0,NaN,0.007877
32,641.531158,32,641.531158,0.000760
64,641.787018,32,641.787018,0.006928
64,642.043854,32,642.043854,0.006640
64,642.427643,0,NaN,0.004922
96,642.427643,0,NaN,0.008468
64,642.683502,0,NaN,0.007520
64,642.939362,0,NaN,0.006247
64,643.195221,0,NaN,0.005789
32,643.323151,32,643.323151,0.000465
64,643.707916,0,NaN,0.006663
96,643.707916,0,NaN,0.010517
64,643.963776,0,NaN,0.006592
32,644.091705,32,644.091705,0.000448
64,644.475494,0,NaN,0.005713
96,644.475494,0,NaN,0.008625
64,644.731354,0,NaN,0.011497
32,644.859283,32,644.859283,0.000551
64,645.243073,0,NaN,0.006476
96,645.243073,0,NaN,0.010183
32,645.371002,32,645.371002,0.000520
64,645.627838,32,645.627838,0.007531
64,645.883698,32,645.883698,0.007023
64,646.267487,0,NaN,0.006244
96,646.267487,0,NaN,0.009801
32,646.395416,32,646.395416,0.000608
64,646.651276,32,646.651276,0.005588
64,646.907135,32,646.907135,0.005175
64,647.291901,0,NaN,0.006678
96,647.291901,0,NaN,0.010518
64,647.547760,0,NaN,0.006646
64,647.803619,0,NaN,0.005586
32,647.931549,32,647.931549,0.000419
64,648.187408,32,648.187408,0.007027
64,648.571198,0,NaN,0.006694
96,648.571198,0,NaN,0.010513
64,648.827057,0,NaN,0.005380
64,649.083893,0,NaN,0.005384
64,649.339752,0,NaN,0.007584
64,649.595612,0,NaN,0.007062
32,649.723541,32,649.723541,0.000683
64,650.107330,0,NaN,0.005568
96,650.107330,0,NaN,0.008675
64,650.363190,0,NaN,0.005432
32,650.491119,32,650.491119,0.000585
64,650.875885,0,NaN,0.006518
96,650.875885,0,NaN,0.010713
32,651.003815,32,651.003815,0.000518
64,651.387604,0,NaN,0.005631
96,651.387604,0,NaN,0.009988
64,651.643463,0,NaN,0.007840
32,651.771393,32,651.771393,0.000569
64,652.027252,32,652.027252,0.007470
64,652.411041,0,NaN,0.005356
96,652.411041,0,NaN,0.008366
64,652.667877,0,NaN,0.006691
64,652.923737,0,NaN,0.007279
64,653.179596,0,NaN,0.007538
64,653.435455,0,NaN,0.006399
32,653.563385,32,653.563385,0.000500
64,653.947174,0,NaN,0.005134
96,653.947174,0,NaN,0.008929
64,654.203033,0,NaN,0.006496
32,654.330963,32,654.330963,0.000472
64,654.587799,32,654.587799,0.005521
64,654.843658,32,654.843658,0.007288
64,655.099518,32,655.099518,0.006238
64,655.483307,0,NaN,0.004890
96,655.483307,0,NaN,0.008137
32,655.611237,32,655.611237,0.000435
64,655.995026,0,NaN,0.007429
96,655.995026,0,NaN,0.011378
64,656.251862,0,NaN,0.007924
32,656.379791,32,656.379791,0.000545
64,656.763580,0,NaN,0.005907
96,656.763580,0,NaN,0.008881
64,657.019440,0,NaN,0.006982
42,657.187347,42,657.187347,0.000834
54,657.403229,32,657.403229,0.007004
64,657.787018,0,NaN,0.005786
96,657.787018,0,NaN,0.009083
64,658.043854,0,NaN,0.005284
64,658.299713,0,NaN,0.006755
64,658.555573,0,NaN,0.007132
64,658.811432,0,NaN,0.005488
32,658.939362,32,658.939362,0.000475
64,659.195221,32,659.195221,0.005667
64,659.451080,32,659.451080,0.007087
64,659.835846,0,NaN,0.006771
96,659.835846,0,NaN,0.010160
32,659.963776,32,659.963776,0.000622
64,660.347565,0,NaN,0.009161
96,660.347565,0,NaN,0.012720
32,660.475494,32,660.475494,0.000527
64,660.859283,0,NaN,0.006366
96,660.859283,0,NaN,0.010885
32,660.987213,32,660.987213,0.000409
64,661.371002,0,NaN,0.005477
96,661.371002,0,NaN,0.008805
64,661.627838,0,NaN,0.006144
64,661.883698,0,NaN,0.006252
32,662.011627,32,662.011627,0.000462
64,662.395416,0,NaN,0.005464
96,662.395416,0,NaN,0.009357
32,662.523346,32,662.523346,0.000756
64,662.907135,0,NaN,0.005391
96,662.907135,0,NaN,0.008460
32,663.035065,32,663.035065,0.000446
64,663.419830,0,NaN,0.005483
96,663.419830,0,NaN,0.008445
64,663.675690,0,NaN,0.006796
32,663.803619,32,663.803619,0.000513
64,664.187408,0,NaN,0.005864
96,664.187408,0,NaN,0.009578
64,664.443268,0,NaN,0.005425
32,664.571198,32,664.571198,0.000447
64,664.954987,0,NaN,0.006342
96,664.954987,0,NaN,0.010112
64,665.211823,0,NaN,0.006839
64,665.467682,0,NaN,0.006016
32,665.595612,32,665.595612,0.000567
64,665.851471,32,665.851471,0.007380
64,666.235260,0,NaN,0.006601
96,666.235260,0,NaN,0.010441
32,666.363190,32,666.363190,0.000513
64,666.619049,32,666.619049,0.006140
64,667.003815,0,NaN,0.006278
96,667.003815,0,NaN,0.009189
32,667.131744,32,667.131744,0.000837
64,667.515533,0,NaN,0.006760
96,667.515533,0,NaN,0.010790
64,667.771393,0,NaN,0.006000
64,668.027252,0,NaN,0.005751
32,668.155182,32,668.155182,0.000645
64,668.411041,32,668.411041,0.006668
64,668.795807,0,NaN,0.005721
96,668.795807,0,NaN,0.008647
64,669.051666,0,NaN,0.005347
64,669.307526,0,NaN,0.007812
64,669.563385,0,NaN,0.006636
64,669.819244,0,NaN,0.005142
32,669.947174,32,669.947174,0.000414
64,670.330963,0,NaN,0.006512
96,670.330963,0,NaN,0.010589
32,670.459869,32,670.459869,0.000545
64,670.715729,32,670.715729,0.006700
64,670.971588,32,670.971588,0.006114
64,671.355377,0,NaN,0.005624
96,671.355377,0,NaN,0.009219
64,671.611237,0,NaN,0.007475
32,671.739166,32,671.739166,0.000783
64,672.123932,0,NaN,0.006889
96,672.123932,0,NaN,0.010636
64,672.379791,0,NaN,0.006099
32,672.507721,32,672.507721,0.000604
64,672.891510,0,NaN,0.006688
96,672.891510,0,NaN,0.010413
64,673.147369,0,NaN,0.006941
32,673.275299,32,673.275299,0.000419
94,673.651093,62,673.651093,0.006665
34,673.787018,32,673.787018,0.007378
64,674.043854,32,674.043854,0.007729
64,674.299713,32,674.299713,0.007264
64,674.555573,32,674.555573,0.005389
64,674.811432,32,674.811432,0.006333
64,675.195221,0,NaN,0.006314
96,675.195221,0,NaN,0.010172
64,675.451080,0,NaN,0.005068
64,675.707916,0,NaN,0.006979
32,675.835846,32,675.835846,0.000640
64,676.219635,0,NaN,0.006208
96,676.219635,0,NaN,0.010380
32,676.347565,32,676.347565,0.000662
64,676.731354,0,NaN,0.005521
96,676.731354,0,NaN,0.008650
32,676.859283,32,676.859283,0.000451
64,677.243073,0,NaN,0.005750
96,677.243073,0,NaN,0.009548
64,677.499908,0,NaN,0.005550
32,677.627838,32,677.627838,0.000507
64,678.011627,0,NaN,0.006633
96,678.011627,0,NaN,0.010579
64,678.267487,0,NaN,0.006892
32,678.395416,32,678.395416,0.000683
64,678.779205,0,NaN,0.006261
96,678.779205,0,NaN,0.009333
64,679.035065,0,NaN,0.007898
64,679.291901,0,NaN,0.007686
32,679.419830,32,679.419830,0.000415
64,679.675690,32,679.675690,0.006756
64,679.931549,32,679.931549,0.006371
64,680.315338,0,NaN,0.006302
96,680.315338,0,NaN,0.010036
64,680.571198,0,NaN,0.008141
64,680.827057,0,NaN,0.006613
32,680.954987,32,680.954987,0.000600
64,681.339752,0,NaN,0.006811
96,681.339752,0,NaN,0.011407
32,681.467682,32,681.467682,0.000647
64,681.851471,0,NaN,0.006553
96,681.851471,0,NaN,0.009741
64,682.107330,0,NaN,0.005353
64,682.363190,0,NaN,0.005177
64,682.619049,0,NaN,0.005711
64,682.875885,0,NaN,0.006066
64,683.131744,0,NaN,0.005216
64,683.387604,0,NaN,0.005939
32,683.515533,32,683.515533,0.000853
64,683.899323,0,NaN,0.006508
96,683.899323,0,NaN,0.010481
32,684.027252,32,684.027252,0.000569
64,684.283112,32,684.283112,0.006382
64,684.667877,0,NaN,0.006527
96,684.667877,0,NaN,0.010409
32,684.795807,32,684.795807,0.000709
64,685.051666,32,685.051666,0.007566
64,685.435455,0,NaN,0.005663
96,685.435455,0,NaN,0.008514
32,685.563385,32,685.563385,0.000668
64,685.947174,0,NaN,0.006691
96,685.947174,0,NaN,0.010512
64,686.203033,0,NaN,0.007423
64,686.459869,0,NaN,0.007336
32,686.587799,32,686.587799,0.000533
64,686.971588,0,NaN,0.005646
96,686.971588,0,NaN,0.009172
64,687.227448,0,NaN,0.006517
32,687.355377,32,687.355377,0.000433
64,687.739166,0,NaN,0.005622
96,687.739166,0,NaN,0.008961
32,687.867096,32,687.867096,0.000448
64,688.251862,0,NaN,0.006778
96,688.251862,0,NaN,0.010440
32,688.379791,32,688.379791,0.000605
64,688.635651,32,688.635651,0.005403
64,688.891510,32,688.891510,0.006833
64,689.147369,32,689.147369,0.006892
64,689.531158,0,NaN,0.005651
96,689.531158,0,NaN,0.009099
64,689.787018,0,NaN,0.006848
64,690.043854,0,NaN,0.006287
32,690.171783,32,690.171783,0.000565
64,690.427643,32,690.427643,0.006683
64,690.683502,32,690.683502,0.007506
64,691.067291,0,NaN,0.005245
96,691.067291,0,NaN,0.008925
32,691.195221,32,691.195221,0.000527
64,691.451080,32,691.451080,0.006996
64,691.835846,0,NaN,0.006575
96,691.835846,0,NaN,0.010210
32,691.963776,32,691.963776,0.000477
64,692.347565,0,NaN,0.006511
96,692.347565,0,NaN,0.010952
32,692.475494,32,692.475494,0.000556
64,692.731354,32,692.731354,0.007384
64,692.987213,32,692.987213,0.005271
64,693.243073,32,693.243073,0.012442
64,693.627838,0,NaN,0.006623
96,693.627838,0,NaN,0.010591
64,693.883698,0,NaN,0.008105
64,694.139557,0,NaN,0.006224
64,694.395416,0,NaN,0.006391
32,694.523346,32,694.523346,0.000628
64,694.907135,0,NaN,0.006150
96,694.907135,0,NaN,0.010421
32,695.035065,32,695.035065,0.000463
64,695.291901,32,695.291901,0.004963
64,695.675690,0,NaN,0.010085
96,695.675690,0,NaN,0.014044
64,695.931549,0,NaN,0.007119
64,696.187408,0,NaN,0.006961
64,696.443268,0,NaN,0.007647
32,696.571198,32,696.571198,0.000725
64,696.827057,32,696.827057,0.006394
64,697.083893,32,697.083893,0.005920
64,697.467682,0,NaN,0.004896
96,697.467682,0,NaN,0.007816
32,697.595612,32,697.595612,0.000664
64,697.851471,32,697.851471,0.006519
64,698.107330,32,698.107330,0.006463
64,698.491119,0,NaN,0.005114
96,698.491119,0,NaN,0.008212
64,698.746979,0,NaN,0.007131
64,699.003815,0,NaN,0.006123
64,699.259674,0,NaN,0.006964
64,699.515533,0,NaN,0.006376
32,699.643463,32,699.643463,0.000675
64,699.899323,32,699.899323,0.006723
64,700.283112,0,NaN,0.005087
96,700.283112,0,NaN,0.008159
32,700.411041,32,700.411041,0.000463
64,700.795807,0,NaN,0.006289
96,700.795807,0,NaN,0.011325
32,700.923737,32,700.923737,0.000651
64,701.307526,0,NaN,0.006743
96,701.307526,0,NaN,0.010743
64,701.563385,0,NaN,0.006821
32,701.691315,32,701.691315,0.000493
64,701.947174,32,701.947174,0.006054
64,702.203033,32,702.203033,0.006396
64,702.459869,32,702.459869,0.006750
64,702.715729,32,702.715729,0.005702
64,702.971588,32,702.971588,0.007469
64,703.355377,0,NaN,0.006337
96,703.355377,0,NaN,0.010765
32,703.483307,32,703.483307,0.000919
64,703.739166,32,703.739166,0.006472
64,703.995026,32,703.995026,0.007633
64,704.379791,0,NaN,0.005628
96,704.379791,0,NaN,0.008673
64,704.635651,0,NaN,0.006187
64,704.891510,0,NaN,0.004907
32,705.019440,32,705.019440,0.000704
64,705.403229,0,NaN,0.006545
96,705.403229,0,NaN,0.010515
32,705.531158,32,705.531158,0.000434
64,705.915924,0,NaN,0.007775
96,705.915924,0,NaN,0.011527
32,706.043854,32,706.043854,0.000721
64,706.427643,0,NaN,0.006644
96,706.427643,0,NaN,0.010597
32,706.555573,32,706.555573,0.000442
64,706.939362,0,NaN,0.006314
96,706.939362,0,NaN,0.010387
64,707.195221,0,NaN,0.005317
64,707.451080,0,NaN,0.007403
64,707.707916,0,NaN,0.006840
64,707.963776,0,NaN,0.007285
64,708.219635,0,NaN,0.007313
32,708.347565,32,708.347565,0.000667
64,708.731354,0,NaN,0.004968
96,708.731354,0,NaN,0.009044
32,708.859283,32,708.859283,0.000437
64,709.115143,32,709.115143,0.007114
64,709.499908,0,NaN,0.005822
96,709.499908,0,NaN,0.008927
64,709.755768,0,NaN,0.006199
32,709.883698,32,709.883698,0.000470
64,710.267487,0,NaN,0.005745
96,710.267487,0,NaN,0.008866
64,710.523346,0,NaN,0.006432
64,710.779205,0,NaN,0.005164
32,710.907135,32,710.907135,0.000454
64,711.291901,0,NaN,0.006393
96,711.291901,0,NaN,0.011476
64,711.547760,0,NaN,0.007046
32,711.675690,32,711.675690,0.000452
64,712.059479,0,NaN,0.005853
96,712.059479,0,NaN,0.009634
32,712.187408,32,712.187408,0.000733
64,712.443268,32,712.443268,0.006956
64,712.699127,32,712.699127,0.005017
64,713.083893,0,NaN,0.007162
96,713.083893,0,NaN,0.010732
32,713.211823,32,713.211823,0.000482
64,713.467682,32,713.467682,0.007009
64,713.723541,32,713.723541,0.006080
64,714.107330,0,NaN,0.006847
96,714.107330,0,NaN,0.010575
32,714.235260,32,714.235260,0.000724
64,714.619049,0,NaN,0.005712
96,714.619049,0,NaN,0.013985
64,714.875885,0,NaN,0.005845
32,715.003815,32,715.003815,0.000766
64,715.387604,0,NaN,0.006752
96,715.387604,0,NaN,0.010419
64,715.643463,0,NaN,0.006564
64,715.899323,0,NaN,0.006403
64,716.155182,0,NaN,0.007258
32,716.283112,32,716.283112,0.000623
64,716.667877,0,NaN,0.006514
96,716.667877,0,NaN,0.010534
32,716.795807,32,716.795807,0.000463
64,717.179596,0,NaN,0.006229
96,717.179596,0,NaN,0.010235
64,717.435455,0,NaN,0.007629
32,717.563385,32,717.563385,0.000669
64,717.947174,0,NaN,0.006361
96,717.947174,0,NaN,0.010420
64,718.203033,0,NaN,0.005274
32,718.330963,32,718.330963,0.000689
64,718.715729,0,NaN,0.005756
96,718.715729,0,NaN,0.009359
32,718.843658,32,718.843658,0.000691
64,719.227448,0,NaN,0.007104
96,719.227448,0,NaN,0.010881
32,719.355377,32,719.355377,0.000462
64,719.611237,32,719.611237,0.006688
64,719.995026,0,NaN,0.006365
96,719.995026,0,NaN,0.010257
32,720.123932,32,720.123932,0.000738
64,720.379791,32,720.379791,0.006888
64,720.635651,32,720.635651,0.006623
64,720.891510,32,720.891510,0.007213
64,721.275299,0,NaN,0.006711
96,721.275299,0,NaN,0.010246
32,721.403229,32,721.403229,0.000571
64,721.787018,0,NaN,0.006438
96,721.787018,0,NaN,0.010147
64,722.043854,0,NaN,0.005809
64,722.299713,0,NaN,0.007735
32,722.427643,32,722.427643,0.000736
64,722.811432,0,NaN,0.007316
96,722.811432,0,NaN,0.011229
32,722.939362,32,722.939362,0.000425
64,723.323151,0,NaN,0.005876
96,723.323151,0,NaN,0.010072
32,723.451080,32,723.451080,0.000716
64,723.835846,0,NaN,0.006319
96,723.835846,0,NaN,0.010099
64,724.091705,0,NaN,0.006589
64,724.347565,0,NaN,0.007549
64,724.603424,0,NaN,0.006584
32,724.731354,32,724.731354,0.000436
64,724.987213,32,724.987213,0.006572
64,725.371002,0,NaN,0.006048
96,725.371002,0,NaN,0.009062
64,725.627838,0,NaN,0.007270
64,725.883698,0,NaN,0.009094
32,726.011627,32,726.011627,0.000620
64,726.267487,32,726.267487,0.007105
64,726.651276,0,NaN,0.006674
96,726.651276,0,NaN,0.011565
64,726.907135,0,NaN,0.007094
32,727.035065,32,727.035065,0.000465
64,727.291901,32,727.291901,0.007910
64,727.675690,0,NaN,0.005215
96,727.675690,0,NaN,0.008145
64,727.931549,0,NaN,0.006463
32,728.059479,32,728.059479,0.000691
64,728.443268,0,NaN,0.006343
96,728.443268,0,NaN,0.010482
64,728.699127,0,NaN,0.006558
64,728.954987,0,NaN,0.006543
32,729.083893,32,729.083893,0.000573
64,729.467682,0,NaN,0.007037
96,729.467682,0,NaN,0.011096
32,729.595612,32,729.595612,0.000550
64,729.979401,0,NaN,0.006480
96,729.979401,0,NaN,0.010220
64,730.235260,0,NaN,0.007004
32,730.363190,32,730.363190,0.000695
64,730.619049,32,730.619049,0.007389
64,730.875885,32,730.875885,0.005026
64,731.131744,32,731.131744,0.007171
64,731.387604,32,731.387604,0.006474
64,731.643463,32,731.643463,0.007032
64,732.027252,0,NaN,0.006508
96,732.027252,0,NaN,0.009833
32,732.155182,32,732.155182,0.000695
64,732.411041,32,732.411041,0.007547
64,732.795807,0,NaN,0.006497
96,732.795807,0,NaN,0.010268
32,732.923737,32,732.923737,0.000522
64,733.179596,32,733.179596,0.006932
64,733.435455,32,733.435455,0.007174
64,733.819244,0,NaN,0.006294
96,733.819244,0,NaN,0.010263
32,733.947174,32,733.947174,0.000675
64,734.203033,32,734.203033,0.007586
64,734.587799,0,NaN,0.006547
96,734.587799,0,NaN,0.010252
32,734.715729,32,734.715729,0.000647
64,735.099518,0,NaN,0.006031
96,735.099518,0,NaN,0.009563
32,735.227448,32,735.227448,0.000505
64,735.611237,0,NaN,0.005714
96,735.611237,0,NaN,0.009647
32,735.739166,32,735.739166,0.000734
64,735.995026,32,735.995026,0.007587
64,736.379791,0,NaN,0.006068
96,736.379791,0,NaN,0.009871
32,736.507721,32,736.507721,0.000635
64,736.891510,0,NaN,0.006156
96,736.891510,0,NaN,0.009809
32,737.019440,32,737.019440,0.000483
64,737.275299,32,737.275299,0.006850
64,737.659088,0,NaN,0.005577
96,737.659088,0,NaN,0.009249
32,737.787018,32,737.787018,0.000422
64,738.171783,0,NaN,0.006010
96,738.171783,0,NaN,0.009838
64,738.427643,0,NaN,0.006907
32,738.555573,32,738.555573,0.000669
64,738.939362,0,NaN,0.005525
96,738.939362,0,NaN,0.008255
32,739.067291,32,739.067291,0.000641
64,739.451080,0,NaN,0.006154
96,739.451080,0,NaN,0.010632
64,739.707916,0,NaN,0.005151
64,739.963776,0,NaN,0.006671
32,740.091705,32,740.091705,0.000667
64,740.475494,0,NaN,0.006970
96,740.475494,0,NaN,0.011233
32,740.603424,32,740.603424,0.000458
64,740.859283,32,740.859283,0.005565
64,741.243073,0,NaN,0.006140
96,741.243073,0,NaN,0.010101
32,741.371002,32,741.371002,0.000609
64,741.627838,32,741.627838,0.007112
64,742.011627,0,NaN,0.006234
96,742.011627,0,NaN,0.009724
64,742.267487,0,NaN,0.006935
64,742.523346,0,NaN,0.007447
32,742.651276,32,742.651276,0.000648
64,742.907135,32,742.907135,0.006895
64,743.162994,32,743.162994,0.006079
64,743.419830,32,743.419830,0.005488
64,743.675690,32,743.675690,0.006854
64,744.059479,0,NaN,0.006339
96,744.059479,0,NaN,0.010199
64,744.315338,0,NaN,0.007999
32,744.443268,32,744.443268,0.000530
64,744.699127,32,744.699127,0.006301
64,744.954987,32,744.954987,0.007077
64,745.211823,32,745.211823,0.005709
64,745.467682,32,745.467682,0.005130
64,745.723541,32,745.723541,0.007145
64,746.107330,0,NaN,0.006742
96,746.107330,0,NaN,0.011418
64,746.363190,0,NaN,0.006697
64,746.619049,0,NaN,0.007046
32,746.746979,32,746.746979,0.000493
64,747.003815,32,747.003815,0.006505
64,747.387604,0,NaN,0.005880
96,747.387604,0,NaN,0.009534
32,747.515533,32,747.515533,0.000569
64,747.899323,0,NaN,0.006005
96,747.899323,0,NaN,0.009679
32,748.027252,32,748.027252,0.000680
64,748.411041,0,NaN,0.006531
96,748.411041,0,NaN,0.010451
64,748.667877,0,NaN,0.005262
64,748.923737,0,NaN,0.007309
32,749.051666,32,749.051666,0.000680
64,749.307526,32,749.307526,0.007597
64,749.563385,32,749.563385,0.005158
64,749.947174,0,NaN,0.004582
96,749.947174,0,NaN,0.008283
32,750.075104,32,750.075104,0.000430
64,750.459869,0,NaN,0.005754
96,750.459869,0,NaN,0.009521
32,750.587799,32,750.587799,0.000501
64,750.843658,32,750.843658,0.007067
64,751.227448,0,NaN,0.006468
96,751.227448,0,NaN,0.010913
64,751.483307,0,NaN,0.006806
64,751.739166,0,NaN,0.006724
64,751.995026,0,NaN,0.006474
32,752.123932,32,752.123932,0.000521
64,752.379791,32,752.379791,0.007194
64,752.635651,32,752.635651,0.007203
64,752.891510,32,752.891510,0.006903
64,753.147369,32,753.147369,0.007825
64,753.403229,32,753.403229,0.006992
64,753.659088,32,753.659088,0.005956
64,753.915924,32,753.915924,0.010236
64,754.299713,0,NaN,0.006989
96,754.299713,0,NaN,0.010948
32,754.427643,32,754.427643,0.000551
64,754.811432,0,NaN,0.006150
96,754.811432,0,NaN,0.012061
32,754.939362,32,754.939362,0.000464
64,755.195221,32,755.195221,0.005900
64,755.579010,0,NaN,0.006399
96,755.579010,0,NaN,0.011090
